{
	"format_version": "1.21.6",
	"credit": "Made with Blockbench",
	"textures": {
		"17": "jbw:item/attacks/zarilaser",
		"particle": "jbw:item/attacks/zarilaser"
	},
	"elements": [
		{
			"from": [7.33333, 7.33333, -13.66667],
			"to": [8.66667, 8.66667, 7.66667],
			"faces": {
				"north": {"uv": [1.625, 1.625, 2.125, 2.125], "texture": "#17", "tintindex": 0},
				"east": {"uv": [0, 0, 8, 0.5], "texture": "#17", "tintindex": 0},
				"south": {"uv": [1.625, 2.125, 2.125, 2.625], "texture": "#17", "tintindex": 0},
				"west": {"uv": [0, 0.5, 8, 1], "texture": "#17", "tintindex": 0},
				"up": {"uv": [0, 5.0625, 8, 4.5625], "rotation": 90, "texture": "#17", "tintindex": 0},
				"down": {"uv": [8, 5.5625, 0, 5.0625], "rotation": 90, "texture": "#17", "tintindex": 0}
			}
		},
		{
			"from": [8.83333, 8.83333, 7.83333],
			"to": [7.16667, 7.16667, -13.83333],
			"faces": {
				"north": {"uv": [10.875, 0.3125, 10.9375, 0.375], "texture": "#17", "tintindex": 0},
				"east": {"uv": [10.6875, 0.3125, 10.375, 0.375], "texture": "#17", "tintindex": 0},
				"south": {"uv": [10.625, 0.3125, 10.6875, 0.375], "texture": "#17", "tintindex": 0},
				"west": {"uv": [10.375, 0.3125, 10.6875, 0.375], "texture": "#17", "tintindex": 0},
				"up": {"uv": [10.375, 0.3125, 10.6875, 0.375], "rotation": 90, "texture": "#17", "tintindex": 0},
				"down": {"uv": [10.6875, 0.3125, 10.375, 0.375], "rotation": 90, "texture": "#17", "tintindex": 0}
			}
		},
		{
			"from": [8.66667, 8.66667, 7.66667],
			"to": [7.33333, 7.33333, -13.66667],
			"faces": {
				"north": {"uv": [1.625, 2.625, 2.125, 2.125], "texture": "#17", "tintindex": 0},
				"east": {"uv": [0, 1, 8, 0.5], "texture": "#17", "tintindex": 0},
				"south": {"uv": [1.625, 2.125, 2.125, 1.625], "texture": "#17", "tintindex": 0},
				"west": {"uv": [0, 0.5, 8, 0], "texture": "#17", "tintindex": 0},
				"up": {"uv": [8, 5.0625, 0, 5.5625], "rotation": 90, "texture": "#17", "tintindex": 0},
				"down": {"uv": [0, 4.5625, 8, 5.0625], "rotation": 90, "texture": "#17", "tintindex": 0}
			}
		}
	],
	"display": {
		"gui": {
			"rotation": [-150, -45, -180]
		}
	}
}